user_input,reference_contexts,reference,persona_name,query_style,query_length,synthesizer_name
why code raise valueerror with text Not a point when i am learning how match patterns work in python?,"['print(f""X={x}"")\ncase (x, y):\nprint(f""X={x}, Y={y}"")\ncase _:\nraise ValueError(""Not a point"")  \nStudy that one carefully! The first pattern has two literals, and can be thought of as an extension of the literal pattern shown above. But the next two patterns combine a literal and a variable, and the variable _binds_ a value from the subject (`point`). The fourth pattern captures two values, which makes it conceptually similar to the unpacking assignment `(x, y) = point`.  \nIf you are using classes to structure your data you can use the class name followed by an argument list resembling a constructor, but with the ability to capture attributes into variables:  \nclass Point:\ndef __init__(self, x, y):\nself.x = x\nself.y = y  \ndef where_is(point):\nmatch point:\ncase Point(x=0, y=0):']","The code raises a ValueError with the message ""Not a point"" in the default case (_) of the match statement when none of the preceding specific patterns match the subject.",Python Beginner,POOR_GRAMMAR,LONG,single_hop_specific_query_synthesizer
where Green is located in the list example for correct_rgba?,"['>>> correct_rgba[-1] = ""Alpha""\n>>> correct_rgba\n[""Red"", ""Green"", ""Blue"", ""Alpha""]\n>>> rgba\n[""Red"", ""Green"", ""Blue"", ""Alph""]  \nAssignment to slices is also possible, and this can even change the size of the list or clear it entirely:  \n>>> letters = [\'a\', \'b\', \'c\', \'d\', \'e\', \'f\', \'g\']\n>>> letters\n[\'a\', \'b\', \'c\', \'d\', \'e\', \'f\', \'g\']\n>>> # replace some values\n>>> letters[2:5] = [\'C\', \'D\', \'E\']\n>>> letters\n[\'a\', \'b\', \'C\', \'D\', \'E\', \'f\', \'g\']\n>>> # now remove them\n>>> letters[2:5] = []\n>>> letters\n[\'a\', \'b\', \'f\', \'g\']\n>>> # clear the list by replacing all the elements with an empty list\n>>> letters[:] = []\n>>> letters\n[]  \nThe built-in function `len()` also applies to lists:  \n>>> letters = [\'a\', \'b\', \'c\', \'d\']\n>>> len(letters)\n4']","In the correct_rgba list example, Green is located at index 1, between Red and Blue.",Python Beginner,POOR_GRAMMAR,MEDIUM,single_hop_specific_query_synthesizer
how does Python handle compound data types like lists regarding indexing and slicing operations,"['### 3.1.3. Lists  \nPython knows a number of _compound_ data types, used to group together other values. The most versatile is the _list_ , which can be written as a list of comma-separated values (items) between square brackets. Lists might contain items of different types, but usually the items all have the same type.  \n>>> squares = [1, 4, 9, 16, 25]\n>>> squares\n[1, 4, 9, 16, 25]  \nLike strings (and all other built-in sequence types), lists can be indexed and sliced:  \n>>> squares[0]  # indexing returns the item\n1\n>>> squares[-1]\n25\n>>> squares[-3:]  # slicing returns a new list\n[9, 16, 25]  \nLists also support operations like concatenation:  \n>>> squares + [36, 49, 64, 81, 100]\n[1, 4, 9, 16, 25, 36, 49, 64, 81, 100]']","Python uses lists as a versatile compound data type written as comma-separated values between square brackets. Lists can contain items of different types, though they usually share the same type. Like strings and other built-in sequence types, lists can be indexed and sliced, such as using indexing to return a specific item or slicing to return a new list, and they also support operations like concatenation.",Python Software Developer,WEB_SEARCH_LIKE,LONG,single_hop_specific_query_synthesizer
Why mutable objects like lists and dictionaries have surprising effect on Python semantics and how it can affect when passing object to function?,"['Objects have individuality, and multiple names (in multiple scopes) can be bound to the same object. This is known as aliasing in other languages. This is usually not appreciated on a first glance at Python, and can be safely ignored when dealing with immutable basic types (numbers, strings, tuples). However, aliasing has a possibly surprising effect on the semantics of Python code involving mutable objects such as lists, dictionaries, and most other types. This is usually used to the benefit of the program, since aliases behave like pointers in some respects. For example, passing an object is cheap since only a pointer is passed by the implementation; and if a function modifies an object passed as an argument, the caller will see the change — this eliminates the need for two different']","Aliasing has a possibly surprising effect on the semantics of Python code involving mutable objects such as lists, dictionaries, and most other types, though this is usually used to the benefit of the program because aliases behave like pointers in some respects. For example, passing an object is cheap since only a pointer is passed by the implementation, and if a function modifies an object passed as an argument, the caller will see the change, which eliminates the need for two different mechanisms.",Software Developer,POOR_GRAMMAR,LONG,single_hop_specific_query_synthesizer
Could you please explain what error occurs and which specific file is involved when attempting to access a key within the __getitem__ method in C:/python314/lib/weakref.py?,"['File ""C:/python314/lib/weakref.py"", line 46, in __getitem__\no = self.data[key]()\nKeyError: \'primary\'']","When attempting to access a key within the __getitem__ method in the file C:/python314/lib/weakref.py at line 46 using the statement o = self.data[key](), a KeyError is raised for the primary key.",Python Software Developer,PERFECT_GRAMMAR,LONG,single_hop_specific_query_synthesizer
Can u explane how classes and objects relate to keyword arguments when calling functions like parrot in Python?,"['<1-hop>\n\nprint(f""X={x}"")\ncase (x, y):\nprint(f""X={x}, Y={y}"")\ncase _:\nraise ValueError(""Not a point"")  \nStudy that one carefully! The first pattern has two literals, and can be thought of as an extension of the literal pattern shown above. But the next two patterns combine a literal and a variable, and the variable _binds_ a value from the subject (`point`). The fourth pattern captures two values, which makes it conceptually similar to the unpacking assignment `(x, y) = point`.  \nIf you are using classes to structure your data you can use the class name followed by an argument list resembling a constructor, but with the ability to capture attributes into variables:  \nclass Point:\ndef __init__(self, x, y):\nself.x = x\nself.y = y  \ndef where_is(point):\nmatch point:\ncase Point(x=0, y=0):', '<2-hop>\n\nObjects have individuality, and multiple names (in multiple scopes) can be bound to the same object. This is known as aliasing in other languages. This is usually not appreciated on a first glance at Python, and can be safely ignored when dealing with immutable basic types (numbers, strings, tuples). However, aliasing has a possibly surprising effect on the semantics of Python code involving mutable objects such as lists, dictionaries, and most other types. This is usually used to the benefit of the program, since aliases behave like pointers in some respects. For example, passing an object is cheap since only a pointer is passed by the implementation; and if a function modifies an object passed as an argument, the caller will see the change — this eliminates the need for two different', '<3-hop>\n\n### 4.9.2. Keyword Arguments  \nFunctions can also be called using keyword arguments of the form `kwarg=value`. For instance, the following function:  \ndef parrot(voltage, state=\'a stiff\', action=\'voom\', type=\'Norwegian Blue\'):\nprint(""-- This parrot wouldn\'t"", action, end=\' \')\nprint(""if you put"", voltage, ""volts through it."")\nprint(""-- Lovely plumage, the"", type)\nprint(""-- It\'s"", state, ""!"")  \naccepts one required argument (`voltage`) and three optional arguments (`state`, `action`, and `type`). This function can be called in any of the following ways:  \nparrot(1000)                                          # 1 positional argument\nparrot(voltage=1000)                                  # 1 keyword argument\nparrot(voltage=1000000, action=\'VOOOOOM\')             # 2 keyword arguments']","When structuring data using classes, you can use the class name followed by an argument list resembling a constructor to capture attributes into variables. Objects have individuality where multiple names can be bound to the same object, leading to aliasing. Functions can be called using keyword arguments of the form kwarg=value, such as calling the parrot function with voltage=1000 or voltage=1000000 and action='VOOOOOM', accepting one required argument and optional arguments.",,,,multi_hop_abstract_query_synthesizer
"Can mutabel Objects affect how Python functions behave when passing arguments like keyword arguments, considering that multiple names can be bound to the same object?","['<1-hop>\n\nObjects have individuality, and multiple names (in multiple scopes) can be bound to the same object. This is known as aliasing in other languages. This is usually not appreciated on a first glance at Python, and can be safely ignored when dealing with immutable basic types (numbers, strings, tuples). However, aliasing has a possibly surprising effect on the semantics of Python code involving mutable objects such as lists, dictionaries, and most other types. This is usually used to the benefit of the program, since aliases behave like pointers in some respects. For example, passing an object is cheap since only a pointer is passed by the implementation; and if a function modifies an object passed as an argument, the caller will see the change — this eliminates the need for two different', '<2-hop>\n\n### 4.9.2. Keyword Arguments  \nFunctions can also be called using keyword arguments of the form `kwarg=value`. For instance, the following function:  \ndef parrot(voltage, state=\'a stiff\', action=\'voom\', type=\'Norwegian Blue\'):\nprint(""-- This parrot wouldn\'t"", action, end=\' \')\nprint(""if you put"", voltage, ""volts through it."")\nprint(""-- Lovely plumage, the"", type)\nprint(""-- It\'s"", state, ""!"")  \naccepts one required argument (`voltage`) and three optional arguments (`state`, `action`, and `type`). This function can be called in any of the following ways:  \nparrot(1000)                                          # 1 positional argument\nparrot(voltage=1000)                                  # 1 keyword argument\nparrot(voltage=1000000, action=\'VOOOOOM\')             # 2 keyword arguments']","Yes, passing mutable objects can affect code semantics because multiple names can be bound to the same object (aliasing), meaning if a function modifies an object passed as an argument, the caller will see the change. Python functions can also be called using keyword arguments of the form kwarg=value, such as accepting required and optional arguments.",,,,multi_hop_abstract_query_synthesizer
how do classes and mutable objects relate in python,"['<1-hop>\n\nObjects have individuality, and multiple names (in multiple scopes) can be bound to the same object. This is known as aliasing in other languages. This is usually not appreciated on a first glance at Python, and can be safely ignored when dealing with immutable basic types (numbers, strings, tuples). However, aliasing has a possibly surprising effect on the semantics of Python code involving mutable objects such as lists, dictionaries, and most other types. This is usually used to the benefit of the program, since aliases behave like pointers in some respects. For example, passing an object is cheap since only a pointer is passed by the implementation; and if a function modifies an object passed as an argument, the caller will see the change — this eliminates the need for two different', '<2-hop>\n\nprint(f""X={x}"")\ncase (x, y):\nprint(f""X={x}, Y={y}"")\ncase _:\nraise ValueError(""Not a point"")  \nStudy that one carefully! The first pattern has two literals, and can be thought of as an extension of the literal pattern shown above. But the next two patterns combine a literal and a variable, and the variable _binds_ a value from the subject (`point`). The fourth pattern captures two values, which makes it conceptually similar to the unpacking assignment `(x, y) = point`.  \nIf you are using classes to structure your data you can use the class name followed by an argument list resembling a constructor, but with the ability to capture attributes into variables:  \nclass Point:\ndef __init__(self, x, y):\nself.x = x\nself.y = y  \ndef where_is(point):\nmatch point:\ncase Point(x=0, y=0):']","In Python, mutable objects such as lists and dictionaries can have aliasing effects where multiple names bind to the same object, meaning modifications made to the object are visible to any caller. When structuring data, you can use classes like Point with an __init__ method to define attributes, and pattern matching can be used to capture attributes from these classes into variables.",,,,multi_hop_abstract_query_synthesizer
"In Python programming, what effect does aliasing have when a function modifies mutable objects passed as arguments?","[""<1-hop>\n\n### 4.9.1. Default Argument Values  \nThe most useful form is to specify a default value for one or more arguments. This creates a function that can be called with fewer arguments than it is defined to allow. For example:  \ndef ask_ok(prompt, retries=4, reminder='Please try again!'):\nwhile True:\nreply = input(prompt)\nif reply in {'y', 'ye', 'yes'}:\nreturn True\nif reply in {'n', 'no', 'nop', 'nope'}:\nreturn False\nretries = retries - 1\nif retries < 0:\nraise ValueError('invalid user response')\nprint(reminder)  \nThis function can be called in several ways:  \n* giving only the mandatory argument: `ask_ok('Do you really want to quit?')`  \n* giving one of the optional arguments: `ask_ok('OK to overwrite the file?', 2)`"", '<2-hop>\n\nObjects have individuality, and multiple names (in multiple scopes) can be bound to the same object. This is known as aliasing in other languages. This is usually not appreciated on a first glance at Python, and can be safely ignored when dealing with immutable basic types (numbers, strings, tuples). However, aliasing has a possibly surprising effect on the semantics of Python code involving mutable objects such as lists, dictionaries, and most other types. This is usually used to the benefit of the program, since aliases behave like pointers in some respects. For example, passing an object is cheap since only a pointer is passed by the implementation; and if a function modifies an object passed as an argument, the caller will see the change — this eliminates the need for two different']","In Python programming, aliasing allows multiple names to be bound to the same object. When a function modifies a mutable object (such as lists or dictionaries) passed as an argument, the caller will see the change because aliases behave like pointers, meaning only a reference or pointer is passed by the implementation.",,,,multi_hop_abstract_query_synthesizer
Why does Python programming have a surprising effect on code semantics when you use mutable objects like lists and dictionaries instead of immutable basic types?,"['<1-hop>\n\nObjects have individuality, and multiple names (in multiple scopes) can be bound to the same object. This is known as aliasing in other languages. This is usually not appreciated on a first glance at Python, and can be safely ignored when dealing with immutable basic types (numbers, strings, tuples). However, aliasing has a possibly surprising effect on the semantics of Python code involving mutable objects such as lists, dictionaries, and most other types. This is usually used to the benefit of the program, since aliases behave like pointers in some respects. For example, passing an object is cheap since only a pointer is passed by the implementation; and if a function modifies an object passed as an argument, the caller will see the change — this eliminates the need for two different', '<2-hop>\n\n>>> pos_only_arg(1)\n1  \n>>> pos_only_arg(arg=1)\nTraceback (most recent call last):\nFile ""<stdin>"", line 1, in <module>\nTypeError: pos_only_arg() got some positional-only arguments passed as keyword arguments: \'arg\'  \nThe third function `kwd_only_arg` only allows keyword arguments as indicated by a `*` in the function definition:  \n>>> kwd_only_arg(3)\nTraceback (most recent call last):\nFile ""<stdin>"", line 1, in <module>\nTypeError: kwd_only_arg() takes 0 positional arguments but 1 was given  \n>>> kwd_only_arg(arg=3)\n3  \nAnd the last uses all three calling conventions in the same function definition:  \n>>> combined_example(1, 2, 3)\nTraceback (most recent call last):\nFile ""<stdin>"", line 1, in <module>\nTypeError: combined_example() takes 2 positional arguments but 3 were given']","In Python programming, mutable objects like lists and dictionaries can have multiple names bound to the same object, which is known as aliasing. While immutable basic types like numbers, strings, and tuples can safely ignore this, aliasing affects mutable objects by having aliases behave like pointers. This means passing an object is cheap because only a pointer is passed, and if a function modifies an object passed as an argument, the caller will see the change.",,,,multi_hop_abstract_query_synthesizer
